a_id;topic
3426098;Pojmy
3424556;Pojmy
3424520;Pojmy
33781;Pojmy
3424478;Pojmy
3424514;Pojmy
3424580;Pojmy
3424634;Pojmy
26288;Pojmy
3424508;Pojmy
3424688;Pojmy
26308;Pojmy
30065;Pojmy
30620;Pojmy
3424454;Pojmy
3426092;Pojmy
3424670;Pojmy
3424442;Pojmy
3424526;Pojmy
3426095;Pojmy
3424610;Pojmy
3426163;Pojmy
30076;Pojmy
3424412;Pojmy
14541;Pojmy
22386;Pojmy
22427;Pojmy
3424622;Pojmy
3424430;Pojmy
3424460;Pojmy
28921;Pojmy
30402;Pojmy
22430;Pojmy
3424694;Pojmy
26283;Pojmy
3424682;Pojmy
3424658;Pojmy
22346;Pojmy
3425783;Pojmy
3426089;Pojmy
26407;Pojmy
22463;Pojmy
28317;Pojmy
3424652;Pojmy
26356;Pojmy
3424436;Pojmy
22381;Pojmy
3424706;Pojmy
29143;Pojmy
3424592;Pojmy
28693;Pojmy
3424400;Pojmy
3424448;Pojmy
3426026;Pojmy
30578;Pojmy
3424586;Pojmy
29179;Pojmy
22415;Pojmy
3424394;Pojmy
3424502;Pojmy
3424568;Pojmy
30634;Pojmy
22465;Pojmy
27822;Pojmy
30608;Pojmy
28873;Pojmy
22421;Pojmy
3424616;Pojmy
3424724;Pojmy
30488;Pojmy
22446;Pojmy
3424712;Pojmy
3426160;Pojmy
3424718;Pojmy
3424532;Pojmy
3426113;Pojmy
3424496;Pojmy
3425018;Pojmy
22456;Pojmy
30602;Pojmy
28705;Pojmy
3426086;Pojmy
3424574;Pojmy
3424466;Pojmy
3424424;Pojmy
25274;Pojmy
3424628;Pojmy
3424418;Pojmy
30545;Pojmy
3426023;Pojmy
3424664;Pojmy
3424490;Pojmy
3424646;Pojmy
3424676;Pojmy
3424484;Pojmy
3424472;Pojmy
22449;Pojmy
3424562;Pojmy
3426116;Pojmy
30455;Pojmy
30626;Pojmy
3424640;Pojmy
3426119;Pojmy
3424364;Pojmy
22473;Pojmy
31233;Pojmy
3424544;Pojmy
28699;Pojmy
26297;Pojmy
3424538;Pojmy
26378;Pojmy
3424550;Pojmy
3424358;Pojmy
3426083;Pojmy
26616;Pojmy
30407;Pojmy
3424598;Pojmy
3424700;Pojmy
3426107;Pojmy
30657;Jizda
26231;Jizda
24928;Jizda
27500;Jizda
3425795;Jizda
30051;Jizda
22222;Jizda
27912;Jizda
28145;Jizda
27876;Jizda
3429442;Jizda
31251;Jizda
30078;Jizda
3429454;Jizda
3425801;Jizda
29254;Jizda
27894;Jizda
28942;Jizda
3423087;Jizda
27722;Jizda
30512;Jizda
27710;Jizda
28891;Jizda
29131;Jizda
29257;Jizda
26445;Jizda
27686;Jizda
27764;Jizda
29149;Jizda
14483;Jizda
28080;Jizda
3429448;Jizda
14571;Jizda
14754;Jizda
22219;Jizda
27716;Jizda
26030;Jizda
31245;Jizda
28590;Jizda
25012;Jizda
27984;Jizda
22258;Jizda
27752;Jizda
3429479;Jizda
14599;Jizda
26199;Jizda
27969;Jizda
27951;Jizda
30648;Jizda
28380;Jizda
3425789;Jizda
28068;Jizda
27677;Jizda
18532;Jizda
3429505;Jizda
27945;Jizda
28362;Jizda
21632;Jizda
22166;Jizda
28792;Jizda
3429482;Jizda
22169;Jizda
22266;Jizda
28639;Jizda
29266;Jizda
28086;Jizda
30083;Jizda
27999;Jizda
28047;Jizda
3429405;Jizda
27704;Jizda
14345;Jizda
3426121;Jizda
27885;Jizda
3429307;Jizda
30506;Jizda
14538;Jizda
14368;Jizda
30575;Jizda
3429445;Jizda
3429408;Jizda
30098;Jizda
30362;Jizda
26577;Jizda
14348;Jizda
27867;Jizda
26225;Jizda
3429503;Jizda
27963;Jizda
28972;Jizda
27900;Jizda
3429433;Jizda
25018;Jizda
3425807;Jizda
22264;Jizda
28274;Jizda
3422925;Jizda
28578;Jizda
28092;Jizda
27692;Jizda
27786;Jizda
27792;Jizda
3426133;Jizda
27852;Jizda
14535;Jizda
30798;Jizda
30476;Jizda
2202;Jizda
3429471;Jizda
14568;Jizda
28074;Jizda
28681;Jizda
30521;Jizda
29242;Jizda
2205;Jizda
28663;Jizda
3426136;Jizda
27993;Jizda
33721;Jizda
3429331;Jizda
29245;Jizda
30467;Jizda
14522;Jizda
14366;Jizda
33796;Jizda
30073;Jizda
27870;Jizda
3429388;Jizda
14508;Jizda
3429376;Jizda
3429343;Jizda
27978;Jizda
28038;Jizda
27840;Jizda
33685;Jizda
3423096;Jizda
30470;Jizda
3426139;Jizda
3425812;Jizda
27758;Jizda
30654;Jizda
26469;Jizda
22252;Jizda
3426029;Jizda
27731;Jizda
30413;Jizda
14823;Jizda
30307;Jizda
31239;Jizda
27774;Jizda
28133;Jizda
14387;Jizda
3429528;Ostatni
22093;Ostatni
28127;Ostatni
28509;Ostatni
24877;Ostatni
24667;Ostatni
3422438;Ostatni
28298;Ostatni
3422435;Ostatni
29128;Ostatni
14674;Ostatni
31317;Ostatni
24688;Ostatni
22096;Ostatni
24904;Ostatni
3422423;Ostatni
28193;Ostatni
30957;Ostatni
28413;Ostatni
26892;Ostatni
3422426;Ostatni
22090;Ostatni
22084;Ostatni
28825;Ostatni
22078;Ostatni
22081;Ostatni
31260;Ostatni
30352;Ostatni
28098;Ostatni
24883;Ostatni
22136;Ostatni
22099;Ostatni
28437;Ostatni
22139;Ostatni
22087;Ostatni
3422447;Ostatni
30684;Ostatni
24646;Ostatni
28169;Ostatni
22108;Ostatni
28461;Ostatni
28407;Ostatni
29122;Ostatni
22148;Ostatni
3429591;Ostatni
30253;Ostatni
30678;Ostatni
22151;Ostatni
30062;Ostatni
22066;Ostatni
28915;Ostatni
24745;Ostatni
24826;Ostatni
30834;Ostatni
28473;Ostatni
27494;Ostatni
14697;Ostatni
3429534;Ostatni
30759;Ostatni
30449;Ostatni
3429557;Ostatni
3429562;Ostatni
29137;Ostatni
29125;Ostatni
24595;Ostatni
24838;Ostatni
29167;Ostatni
24820;Ostatni
28527;Ostatni
28831;Ostatni
3429574;Ostatni
28151;Ostatni
24844;Ostatni
28533;Ostatni
28139;Ostatni
22172;Ostatni
22069;Ostatni
28909;Ostatni
28187;Ostatni
24910;Ostatni
28163;Ostatni
3423063;Ostatni
28633;Ostatni
3429549;Ostatni
28539;Ostatni
22063;Ostatni
3429555;Ostatni
28497;Ostatni
28175;Ostatni
24832;Ostatni
28202;Ostatni
3422949;Ostatni
30464;Ostatni
3422432;Ostatni
24862;Ostatni
29164;Ostatni
30458;Ostatni
28449;Ostatni
22133;Ostatni
28654;Ostatni
26193;Ostatni
3422429;Ostatni
26157;Ostatni
30494;Ostatni
3422952;Ostatni
28479;Ostatni
28181;Ostatni
28121;Ostatni
28419;Ostatni
3429571;Ostatni
22102;Ostatni
28485;Ostatni
3429593;Ostatni
26024;Ostatni
22075;Ostatni
22142;Ostatni
27623;Znacky
30048;Znacky
3429358;Znacky
3429596;Znacky
30815;Znacky
26133;Znacky
26412;Znacky
3429067;Znacky
25352;Znacky
3429076;Znacky
30819;Znacky
28954;Znacky
30214;Znacky
30783;Znacky
30732;Znacky
20225;Znacky
20130;Znacky
19951;Znacky
30250;Znacky
30220;Znacky
31281;Znacky
20097;Znacky
22355;Znacky
30086;Znacky
24095;Znacky
30672;Znacky
26136;Znacky
29452;Znacky
22334;Znacky
3429361;Znacky
3429485;Znacky
29742;Znacky
28993;Znacky
3429355;Znacky
3422297;Znacky
19297;Znacky
20386;Znacky
19693;Znacky
28948;Znacky
3429439;Znacky
3429559;Znacky
3429082;Znacky
20401;Znacky
3429364;Znacky
19315;Znacky
3429436;Znacky
26130;Znacky
19288;Znacky
3429525;Znacky
19279;Znacky
29763;Znacky
20061;Znacky
19054;Znacky
3429565;Znacky
3429468;Znacky
3429310;Znacky
3429328;Znacky
26399;Znacky
26139;Znacky
3425817;Znacky
3429346;Znacky
25027;Znacky
3429465;Znacky
19270;Znacky
31989;Znacky
30226;Znacky
28984;Znacky
19243;Znacky
33769;Znacky
3429411;Znacky
19306;Znacky
19201;Znacky
19981;Znacky
29047;Znacky
30238;Znacky
3429431;Znacky
3429582;Znacky
3429519;Znacky
19216;Znacky
26145;Znacky
22372;Znacky
3429588;Znacky
30247;Znacky
31293;Znacky
19972;Znacky
3418645;Znacky
19282;Znacky
3418886;Znacky
19234;Znacky
23239;Znacky
20073;Znacky
30070;Znacky
3429325;Znacky
19261;Znacky
19756;Znacky
24583;Znacky
18343;Znacky
29446;Znacky
19072;Znacky
19990;Znacky
3429313;Znacky
3429543;Znacky
19303;Znacky
19819;Znacky
26121;Znacky
20302;Znacky
3429540;Znacky
19792;Znacky
25030;Znacky
22207;Znacky
19915;Znacky
19285;Znacky
31269;Znacky
19294;Znacky
3429493;Znacky
3429579;Znacky
3429585;Znacky
3429367;Znacky
3429546;Znacky
23284;Znacky
19795;Znacky
22396;Znacky
22405;Znacky
3429414;Znacky
32978;Znacky
29380;Znacky
28675;Znacky
3429462;Znacky
3429577;Znacky
24439;Znacky
19948;Znacky
17129;Znacky
29086;Znacky
3429402;Znacky
3429568;Znacky
20263;Znacky
20136;Znacky
29374;Znacky
23220;Znacky
19240;Znacky
19273;Znacky
26118;Znacky
23281;Znacky
3429399;Znacky
30741;Znacky
3429338;Znacky
14812;Znacky
30235;Znacky
20260;Znacky
3429393;Znacky
23226;Znacky
22349;Znacky
19057;Znacky
30217;Znacky
19309;Znacky
29506;Znacky
30232;Znacky
30789;Znacky
3429491;Znacky
25438;Znacky
16914;Znacky
3429382;Znacky
19300;Znacky
3429322;Znacky
14286;Znacky
3429531;Znacky
28717;Znacky
24577;Znacky
29011;Znacky
30244;Znacky
19816;Znacky
30867;Znacky
19318;Znacky
3422288;Znacky
20311;Znacky
19321;Znacky
20017;Znacky
20281;Znacky
20142;Znacky
19219;Znacky
23306;Znacky
20091;Znacky
31287;Znacky
3429537;Znacky
26390;Znacky
24445;Znacky
22210;Znacky
30223;Znacky
3423147;Znacky
3429423;Znacky
23208;Znacky
22261;Znacky
30089;Znacky
28933;Znacky
3429456;Znacky
3429396;Znacky
3422279;Znacky
25517;Znacky
28966;Znacky
3429488;Znacky
30726;Znacky
19954;Znacky
3425711;Situace
21558;Situace
3429333;Situace
3429599;Situace
3429614;Situace
17216;Situace
3429385;Situace
31471;Situace
26003;Situace
3429605;Situace
3429495;Situace
3429510;Situace
3429608;Situace
3421496;Situace
24940;Situace
3425466;Situace
29706;Situace
24790;Situace
24643;Situace
3425391;Situace
3429352;Situace
3425385;Situace
21190;Situace
33709;Situace
29700;Situace
24769;Situace
24763;Situace
3429516;Situace
16734;Situace
14708;Situace
33691;Situace
3425512;Situace
30067;Situace
23628;Situace
3429417;Situace
24814;Situace
3429349;Situace
3429390;Situace
30870;Situace
24784;Situace
14721;Situace
3425430;Situace
17000;Situace
3425415;Situace
3429451;Situace
3429336;Situace
3429513;Situace
3429497;Situace
3429379;Situace
3425412;Situace
33703;Situace
3429459;Situace
3429341;Situace
31450;Situace
3429373;Situace
30714;Situace
24811;Situace
16875;Situace
3429611;Situace
27837;Situace
23919;Situace
3429319;Situace
24799;Situace
3429370;Situace
3429602;Situace
3425409;Situace
16635;Situace
14577;Situace
15795;Situace
3429420;Situace
14783;Situace
23925;Situace
3425515;Situace
24787;Situace
20443;Situace
30053;Situace
29712;Situace
24796;Situace
3425518;Situace
3425469;Situace
3425388;Situace
3429552;Situace
33715;Situace
18058;Situace
29694;Situace
15843;Situace
29718;Situace
23193;BezpecnostA
33670;BezpecnostA
23679;BezpecnostA
31221;BezpecnostA
30690;BezpecnostA
30133;BezpecnostA
30139;BezpecnostA
29658;BezpecnostA
3429428;BezpecnostA
31044;BezpecnostA
31224;BezpecnostA
30163;BezpecnostA
29670;BezpecnostA
3429500;BezpecnostA
30109;BezpecnostA
23199;BezpecnostA
23691;BezpecnostA
23754;BezpecnostA
31200;BezpecnostA
23532;BezpecnostA
29664;BezpecnostA
31330;BezpecnostA
3422381;BezpecnostA
23709;BezpecnostA
29682;BezpecnostA
24023;BezpecnostA
22953;BezpecnostA
28314;BezpecnostA
23634;BezpecnostA
33745;BezpecnostA
22830;BezpecnostA
30382;BezpecnostA
24916;BezpecnostA
23535;BezpecnostA
30169;BezpecnostA
31215;BezpecnostA
23154;BezpecnostA
31483;BezpecnostA
23637;BezpecnostA
23175;BezpecnostA
29676;BezpecnostA
23913;BezpecnostA
31197;BezpecnostA
23257;BezpecnostA
23907;BezpecnostA
31182;BezpecnostA
14851;BezpecnostA
3422378;BezpecnostA
30984;BezpecnostA
30999;BezpecnostA
23700;BezpecnostA
29652;BezpecnostA
23670;BezpecnostA
30127;BezpecnostA
31071;BezpecnostA
30121;BezpecnostA
23278;BezpecnostA
23676;BezpecnostA
23658;BezpecnostA
30145;BezpecnostA
23709;BezpecnostB
23163;BezpecnostB
33670;BezpecnostB
24244;BezpecnostB
31311;BezpecnostB
30163;BezpecnostB
23154;BezpecnostB
33745;BezpecnostB
23133;BezpecnostB
30205;BezpecnostB
30121;BezpecnostB
3422405;BezpecnostB
28314;BezpecnostB
24023;BezpecnostB
23535;BezpecnostB
3425823;BezpecnostB
23532;BezpecnostB
31224;BezpecnostB
22830;BezpecnostB
29521;BezpecnostB
23145;BezpecnostB
30690;BezpecnostB
30145;BezpecnostB
30109;BezpecnostB
29784;BezpecnostB
3423129;BezpecnostB
23175;BezpecnostB
29676;BezpecnostB
30169;BezpecnostB
31209;BezpecnostB
29682;BezpecnostB
3422411;BezpecnostB
30133;BezpecnostB
23127;BezpecnostB
30139;BezpecnostB
23754;BezpecnostB
23703;BezpecnostB
23178;BezpecnostB
31221;BezpecnostB
30127;BezpecnostB
23700;BezpecnostB
23913;BezpecnostB
31483;BezpecnostB
23139;BezpecnostB
29670;BezpecnostB
30434;BezpecnostB
14851;BezpecnostB
23257;BezpecnostB
31044;BezpecnostB
3429428;BezpecnostB
23907;BezpecnostB
3429500;BezpecnostB
31203;BezpecnostB
31215;BezpecnostB
30999;BezpecnostB
30208;BezpecnostB
3422408;BezpecnostB
24020;BezpecnostB
30157;BezpecnostB
23266;BezpecnostCD
31311;BezpecnostCD
29670;BezpecnostCD
24244;BezpecnostCD
3429428;BezpecnostCD
30169;BezpecnostCD
3429500;BezpecnostCD
30145;BezpecnostCD
30127;BezpecnostCD
3422895;BezpecnostCD
30205;BezpecnostCD
23727;BezpecnostCD
30434;BezpecnostCD
23739;BezpecnostCD
23535;BezpecnostCD
23733;BezpecnostCD
31209;BezpecnostCD
29278;BezpecnostCD
28314;BezpecnostCD
31221;BezpecnostCD
30211;BezpecnostCD
30175;BezpecnostCD
22830;BezpecnostCD
33830;BezpecnostCD
33745;BezpecnostCD
33849;BezpecnostCD
23142;BezpecnostCD
33873;BezpecnostCD
24023;BezpecnostCD
30133;BezpecnostCD
30690;BezpecnostCD
30202;BezpecnostCD
3422399;BezpecnostCD
23163;BezpecnostCD
23160;BezpecnostCD
23145;BezpecnostCD
23133;BezpecnostCD
3425823;BezpecnostCD
2212;BezpecnostCD
23532;BezpecnostCD
23559;BezpecnostCD
23754;BezpecnostCD
30157;BezpecnostCD
30999;BezpecnostCD
23913;BezpecnostCD
31203;BezpecnostCD
23709;BezpecnostCD
30385;BezpecnostCD
23127;BezpecnostCD
3422405;BezpecnostCD
3422892;BezpecnostCD
23139;BezpecnostCD
3422408;BezpecnostCD
30163;BezpecnostCD
23172;BezpecnostCD
23196;BezpecnostCD
33576;BezpecnostCD
3423129;BezpecnostCD
23907;BezpecnostCD
30109;BezpecnostCD
31299;BezpecnostCD
23175;BezpecnostCD
31215;BezpecnostCD
3422402;BezpecnostCD
23154;BezpecnostCD
29676;BezpecnostCD
29521;BezpecnostCD
23700;BezpecnostCD
33670;BezpecnostCD
23178;BezpecnostCD
14851;BezpecnostCD
23272;BezpecnostCD
29682;BezpecnostCD
25232;BezpecnostCD
31044;BezpecnostCD
23257;BezpecnostCD
3423099;BezpecnostCD
30187;BezpecnostCD
30139;BezpecnostCD
30121;BezpecnostCD
18514;BezpecnostCD
23260;BezpecnostCD
33840;BezpecnostCD
30193;BezpecnostCD
30208;BezpecnostCD
31224;BezpecnostCD
22490;Predpisy
14736;Predpisy
22505;Predpisy
3426062;Predpisy
3426166;Predpisy
31366;Predpisy
3426172;Predpisy
3426065;Predpisy
3426181;Predpisy
22511;Predpisy
14739;Predpisy
31342;Predpisy
3425859;Predpisy
3423042;Predpisy
22178;Predpisy
3429061;Predpisy
3426178;Predpisy
31378;Predpisy
3426169;Predpisy
22487;Predpisy
31354;Predpisy
31390;Predpisy
22508;Predpisy
31164;Provoz
31531;Provoz
31140;Provoz
3426053;Provoz
3422390;Provoz
31543;Provoz
26634;Provoz
31038;Provoz
31083;Provoz
31173;Provoz
31158;Provoz
3422417;Provoz
26694;Provoz
29724;Provoz
31893;Provoz
31119;Provoz
31062;Provoz
3423153;Provoz
29730;Provoz
3422384;Provoz
31011;Provoz
3422387;Provoz
3422393;Provoz
31017;Provoz
31188;Provoz
26640;Provoz
26709;Provoz
31029;Provoz
31113;Provoz
31549;Provoz
31537;Provoz
3426056;Provoz
3425835;Provoz
23904;Provoz
31579;Provoz
26646;Provoz
3422414;Provoz
3425675;Zdravi
3425648;Zdravi
3426211;Zdravi
3425586;Zdravi
3425556;Zdravi
3425526;Zdravi
3426223;Zdravi
3425663;Zdravi
3425625;Zdravi
3425681;Zdravi
3425580;Zdravi
3425630;Zdravi
3425657;Zdravi
3425669;Zdravi
3422732;Zdravi
3426077;Zdravi
20350;Zdravi
3425598;Zdravi
3425568;Zdravi
3425687;Zdravi
3425636;Zdravi
3425532;Zdravi
3425604;Zdravi
3425616;Zdravi
3425574;Zdravi
3425038;Zdravi
3425592;Zdravi
3425642;Zdravi
3422780;Zdravi
29892;Zdravi
14308;Zdravi
3425693;Zdravi
3425032;Zdravi
3425610;Zdravi
3422756;Zdravi